ManagerID,Nationality,Name
1,Thailand,Carleen Just
2,Ivory Coast,Tanner Kerss
3,South Africa,Karna Mc Giffin
4,Russia,Ashely Hissie
5,China,Cole Prandi
6,Brazil,Calley Grcic
7,Panama,Berti Nyles
8,China,Lani Banasiak
9,Panama,Gilli Iglesias
10,Malaysia,Akim Oland
11,Peru,Tallie Mulqueen
12,Argentina,Vivien Ker
13,Colombia,Ivie Halbord
14,Russia,Clyde Halliwell
15,Portugal,Ebba Tackell
16,Indonesia,Araldo Hucklesby
17,Canada,Jinny Fearnill
18,Russia,Hildegaard Wybourne
19,Poland,Aurel Corthes
20,Poland,Bernetta Grewar
21,Russia,Gerti Sanderson
22,Vietnam,Imogene Dinan
23,Venezuela,Claiborne Carrodus
24,Bangladesh,Ailene Beretta
25,Iran,Levon Guiness
26,China,Loutitia Lazonby
27,Indonesia,Bram Jarvis
28,China,Sher Casin
29,Iran,Susi Cutmere
30,Bosnia and Herzegovina,Dermot Sinnat
31,Sweden,Daniele Pattison
32,China,Audrie Gregolin
33,Poland,Dalia Gomez
34,China,Benedikt Dungay
35,Portugal,Loretta Craisford
36,Albania,Katlin MacGillicuddy
37,Indonesia,Meg Friary
38,Georgia,Pieter Brenard
39,Indonesia,Dari Beddows
40,Syria,Marita Cruz
41,Panama,Hammad Goering
42,Indonesia,Melanie Shanks
43,Canada,Fifi Conklin
44,Russia,Monique Andrzej
45,Thailand,Ciro Trayte
46,Indonesia,Heida Merrett
47,Portugal,Nyssa Werendell
48,Spain,Sean Stille
49,Czech Republic,Mattheus Bagge
50,Thailand,Amara Venneur
51,Russia,Essy Ditt
52,Colombia,Karena de Tocqueville
53,Bulgaria,Fulvia Cuddihy
54,Swaziland,Nonie Datte
55,Poland,Vergil Sylett
56,Japan,Hewe Bennit
57,Philippines,Arleyne Prothero
58,Sweden,Dona Phetteplace
59,China,Libbie Kunc
60,Italy,Zacharie Thrift
61,Brazil,Agustin Reeks
62,Colombia,Mortimer Crimin
63,China,Ransell Ferrea
64,Indonesia,Evanne Prior
65,Indonesia,Reinhold Fleet
66,China,Kerry Acedo
67,Senegal,Giacomo Casbourne
68,United States,Tait Cafferky
69,China,Benjie Van Oord
70,Serbia,Ranique Meaking
71,Indonesia,Rebeca Duran
72,Portugal,Krystal Thomsson
73,Spain,Desiri Boanas
74,Indonesia,Orin Jillings
75,China,Norbert Benaine
76,United States,Bev Swan
77,Brazil,Glennis Liddell
78,China,Sioux McInnery
79,China,Rickie Shakelade
80,France,Toma Pickburn
81,Philippines,Chevy Von Brook
82,Brazil,Karney Coneybeer
83,Indonesia,Jehu Vasyushkhin
84,Portugal,Dyanna Glentworth
85,Brazil,Jeniece Sinkings
86,Philippines,Carleton Aspole
87,Indonesia,Bordy Gogie
88,Greece,Axel Maddigan
89,Ukraine,Daphna Dunge
90,Indonesia,Riva Bryant
91,Russia,Samaria Spours
92,Philippines,Andie Olander
93,Russia,Locke Koop
94,Peru,Eveline Keyzor
95,Colombia,Evonne Vokins
96,Nicaragua,Lothaire Grewes
97,Ukraine,Torre Gavrieli
98,Russia,Mateo Dowrey
99,Czech Republic,John Wehden
100,Philippines,Toddie Aseef
101,Brazil,Spike Jukubczak
102,United States,Gallard Guare
103,Philippines,Maury Furney
104,Mexico,Misti Ubsdall
105,Poland,Gaylene Lashley
106,China,Neda Moro
107,Poland,Urban Stitle
108,Japan,Chevalier Olivera
109,Brazil,Wrennie Lavery
110,Sri Lanka,Barnaby Dibben
111,Brazil,Simonette Loachhead
112,Indonesia,Tiff Stranio
113,Indonesia,Adria Rait
114,South Africa,Aubrie Norgate
115,Mexico,Abagael Sibbet
116,Slovenia,Roxana Nance
117,Mexico,Neel Fossick
118,Philippines,Bobina Philpot
119,Uruguay,Hortensia Arlett
120,Indonesia,Hortensia Hendrik
121,China,Saundra Reedie
122,China,Spense Allnutt
123,Indonesia,Dorry Carnier
124,Poland,Lock Batten
125,China,Zolly Ellsbury
126,Russia,Taryn Cape
127,Sudan,Stesha Antrum
128,Egypt,Carlie Virgin
129,Greece,Isadora Heasman
130,Colombia,Randie Ainsley
131,Yemen,Leela Coldridge
132,Colombia,Pansie Caughan
133,China,Isa Luety
134,Philippines,Damita Cogdell
135,Portugal,Margaretha Steed
136,Brazil,Say Ollerhead
137,China,Karl Pettiford
138,Niger,Tammi O'Shiel
139,Latvia,Jose Rachuig
140,France,Kristina Elan
141,Sweden,Kati Winspar
142,France,Shawnee Petley
143,Indonesia,Abdel Ephgrave
144,Canada,Reginald Cuddihy
145,Australia,Zackariah Matzen
146,Russia,Robyn Guage
147,Spain,Rebbecca Romaynes
148,Iraq,Gael Frazer
149,Lithuania,Anett Rocca
150,Cameroon,Bartholomew Oglevie
151,China,Taddeusz Painswick
152,China,Cris Cohalan
153,Russia,Bank McAnellye
154,Macedonia,Nester Kulas
155,Russia,Peterus Roe
156,Argentina,Patsy Baldacco
157,Argentina,Lotti Wife
158,Canada,Ajay Beran
159,China,Aubree Wyldish
160,Peru,Kimmy Woloschin
161,Nepal,Laure Stanborough
162,France,Cody Cleyne
163,China,Read Androck
164,Philippines,Alverta Pavlik
165,Bangladesh,Callie Peeke-Vout
166,Moldova,Hugh Yetts
167,Ghana,Damara Suff
168,Czech Republic,Marni Summerill
169,Brazil,Else Mewha
170,China,Deirdre McGowing
171,China,Robbi Ghione
172,Serbia,Ruben Pimbley
173,Philippines,Bran Saura
174,Russia,Rosalia Mc Elory
175,Ecuador,Eloisa Ropkins
176,China,Toiboid Tesseyman
177,Uganda,Tracie Cullimore
178,Greece,Alex Giottoi
179,Poland,Betsey Sambedge
180,Philippines,Therese Coale
181,Russia,Dal Sirl
182,China,Brena Stockoe
183,Sweden,Brina Noddings
184,Greece,Harwilll Plumb
185,China,Dierdre Guitton
186,Indonesia,Marchelle Colt
187,Reunion,Glen Selborne
188,China,Fredra Schistl
189,China,Pauly Madrell
190,Sweden,Giselle Tullis
191,Russia,Stuart Earland
192,Netherlands,Cordula Condy
193,Syria,Cassie Sprigging
194,Indonesia,Curtis Rawlings
195,Ukraine,Kirk Carlan
196,France,Arnaldo Hinckley
197,Ukraine,Jannelle Ollerhad
198,Russia,Emmott Peddar
199,Venezuela,Frederic Kabsch
200,Iran,Averil Cummings
201,China,Gregorius Espinet
202,Philippines,Jorey Skeermer
203,Brazil,Nelson Bumpas
204,Czech Republic,Russ Corradino
205,China,Ravi Cussins
206,Russia,Daria MacParlan
207,China,Gris Karpov
208,Ukraine,Barr Aubrun
209,Russia,Jeromy Henzer
210,Philippines,Moyra Buckthorpe
211,United States,Terrie Peltz
212,China,Thorpe Lawden
213,Tunisia,Alys Aronovitz
214,Serbia,Micky Bladder
215,China,Hakim Lundbeck
216,China,Webb Kernermann
217,China,Waylin Gecke
218,Indonesia,Lianna Giamitti
219,Venezuela,Benni Astall
220,China,Frans Bratley
221,China,Betsy Canniffe
222,Luxembourg,Sela Thicking
223,Indonesia,Ingar Lamberth
224,Pakistan,Kriste Sackur
225,France,Alika Stimson
226,Ireland,Jaimie Sagg
227,Philippines,Gwyn Jakubowicz
228,Thailand,Arnuad Cicculi
229,Panama,Ethelin Batten
230,Uzbekistan,Vera Entwhistle
231,Sweden,Fredi Wasteney
232,China,Merrili Iacovacci
233,Russia,Opaline Rehm
234,China,Rich Rosoni
235,China,Karol Cooke
236,Japan,Bernelle Maty
237,Iraq,Guido Cato
238,Russia,Kaylyn Cruddas
239,Mongolia,Katti Veall
240,China,Nickolas Fudge
241,Bosnia and Herzegovina,Siusan Priditt
242,Russia,Johnette McClintock
243,Indonesia,Marleah Densie
244,Paraguay,Moyna Shuker
245,Philippines,Benjy Bremeyer
246,Philippines,Kiersten Grimditch
247,Russia,Sherry Hammant
248,Philippines,Alisander Lacheze
249,Russia,Marvin Laugheran
250,Pakistan,Clare Blunsom
251,Brazil,Benito Beedham
252,Qatar,Beck Harmar
253,Brazil,Adah Willimont
254,Philippines,Shellie Waitland
255,China,Hermann Judkins
256,Indonesia,Yorgo Grayne
257,Thailand,Xavier Youde
258,China,Rochell Eastham
259,Indonesia,Joyous Loffhead
260,China,Aurelie Santarelli
261,Cambodia,Lyndy Waterstone
262,Russia,Wyatan Whicher
263,Czech Republic,Brock Smelley
264,Philippines,Eugenio Brundall
265,Indonesia,Bessy Urridge
266,Indonesia,Irvine Filipowicz
267,Portugal,Lanna MacAlroy
268,Indonesia,Essy Brackenbury
269,Netherlands,Doe Braitling
270,France,Scarface Tripcony
271,Russia,Olenolin Searjeant
272,Sweden,Essie Gemlett
273,China,Dylan Veschi
274,South Africa,Carlita Touret
275,China,Leola Martin
276,China,Artus Ruston
277,France,Salvidor Baumann
278,China,Carolan McVicker
279,Iraq,Stan Gresley
280,Kyrgyzstan,Bradford Sherwen
281,Czech Republic,Celia Prattin
282,Indonesia,Coletta Van den Oord
283,China,Cchaddie Matchett
284,Serbia,Batsheva Huntingford
285,China,Regen Kiley
286,Philippines,Carly Haslen
287,Peru,Megen Blount
288,China,Hedda Filpo
289,United States,Boycie Scintsbury
290,United States,Lorrie Beller
291,Brazil,Dodi Earpe
292,China,Constance Hartshorn
293,Israel,Georas Deaton
294,Serbia,Katerine Bremeyer
295,China,Wilburt Arnall
296,Philippines,Shannan Seeks
297,Indonesia,Emmalynn Bartosiak
298,Brazil,Fredrika Lemary
299,Poland,Rudolph Small
300,Venezuela,Coop Dixcee
301,China,Ilene Frise
302,Uganda,Chelsea Fosberry
303,Argentina,Poul Soot
304,Philippines,Langston Targetter
305,China,Jessie Boniface
306,Thailand,Hubert Rambaut
307,Argentina,Adela Filchakov
308,Philippines,Lorry Blais
309,Indonesia,Agustin Henlon
310,China,Jacklyn McClunaghan
311,Indonesia,Leticia Ivanaev
312,Indonesia,Viviana Ivkovic
313,Peru,Goldy Mandrey
314,China,Moselle Scay
315,Poland,Linnet Gammett
316,Democratic Republic of the Congo,Sunny McAlarney
317,Thailand,Cobb Traske
318,Japan,Wakefield Gritsaev
319,China,Angelika Ruggier
320,El Salvador,Merrel Schlagh
321,Morocco,Erl Cuseck
322,Indonesia,Margery Faragan
323,Yemen,Martina Videneev
324,Honduras,Fred Cicci
325,China,Lizette Costellow
326,China,Renaldo Gilbertson
327,United States,Laurianne Daleman
328,China,Dorella Gauntley
329,Sweden,Larissa Bockings
330,Bosnia and Herzegovina,Ilario Diegan
331,Philippines,Muffin Meenan
332,Poland,Andriana Burdoun
333,Thailand,Cirillo Magog
334,France,Yolanthe Buddleigh
335,China,Teresina Brownett
336,Indonesia,Darcey Tapscott
337,Greece,Jodee Trouncer
338,Russia,Roxanna Botler
339,Czech Republic,Phyllis Devote
340,China,Micky Comino
341,China,Skipton Pedron
342,Sweden,Frances Rubertis
343,Portugal,Randie Leaman
344,Norway,Marina Rubinovitsch
345,United States,Allyce Critzen
346,Philippines,Gabbie Costen
347,Germany,Josephina Aucutt
348,Colombia,Winona Tinn
349,Mexico,Eliot Dancer
350,Portugal,Archy Nardrup
351,Costa Rica,Barnett Merigon
352,Philippines,Jyoti Kyncl
353,Sweden,Lynnet Issac
354,Indonesia,Logan Abramin
355,China,Tally Fickling
356,Finland,Nilson Knock
357,China,Hubert Chevins
358,Japan,Jolee Cave
359,Portugal,Andrew Heberden
360,Bangladesh,Corabella McAuslan
361,Denmark,Lorry Wooland
362,Brazil,Agnese Deeble
363,Poland,Umberto Chesney
364,Uzbekistan,Ardys Thackwray
365,Sweden,Ronica Brahmer
366,Mexico,Darryl Bagniuk
367,Norway,Abran Parvin
368,Mexico,Tabbatha Vaggs
369,China,Kenna Burchall
370,Canada,Gabi Tubbles
371,Philippines,Lind Daverin
372,Czech Republic,Florrie Radbourne
373,Honduras,Brooks MacGeffen
374,Palestinian Territory,Chad Mathieu
375,Indonesia,Dara Groom
376,China,Natalina Piccard
377,Brazil,Aggi Pepperell
378,Norway,Rosy Doers
379,China,Lonnie Broddle
380,Philippines,Celestina Paz
381,Comoros,Kippie Dabney
382,China,Christoph Smither
383,Czech Republic,Windham Hooban
384,Azerbaijan,Vivienne Melsom
385,Indonesia,Arch Cestard
386,Japan,Valenka Pippin
387,Portugal,Tammy Rounsivall
388,Sint Maarten,Romeo Hearty
389,China,Gwendolin Wooller
390,China,Arleen McGahey
391,Sweden,Dennet Horsburgh
392,Belarus,Lauretta Long
393,Venezuela,Dag Parks
394,Mongolia,Brooks Rolinson
395,Indonesia,Ermanno Rundall
396,Peru,Rhoda Wix
397,Afghanistan,Jobi Shingler
398,China,Thatcher Bartali
399,China,Wynnie Skellen
400,Czech Republic,Harbert Pachta
